기관명,자치구명,행정동명,병원경도,병원위도,raw_score_clinic_point
41타워마디튼튼의원,양천구,목동동,126.875771989415,37.5281783139269,1.0
굿이너프정신건강의학과의원,강남구,학동,127.039650741179,37.5169881563922,1.0
권마취통증의학과의원,구로구,구로동,126.890478535204,37.4901321937348,1.0
가다정한의원,광진구,능동,127.079543523196,37.5565941097975,1.0
강남365가정의학과의원,강남구,학동,127.04130142966,37.5171892352971,1.0
로덴치과의원,강남구,학동,127.03993526961388,37.5170517763266,1.0
목동동안의원,양천구,목동,126.863931880867,37.5264593103148,1.0
가디언즈치과의원,중구,명동,126.986563787577,37.5620005331406,1.0
목동모아치과의원,양천구,목동,126.870891130508,37.5468826100013,1.0
미미미한의원,강남구,학동,127.050467942591,37.5191577902364,1.0
뷰티클래식피부과의원,중구,명동,126.98575215206642,37.5637745000986,1.0
삼성탑이비인후과의원,양천구,목동동,126.871486510512,37.5168554302245,1.0
건국대학교병원,광진구,능동,127.0721229093036,37.54084479467721,1.0
건대365행복한의원,광진구,능동,127.07050713429,37.5403340350698,1.0
건대닥터에버스의원,광진구,능동,127.069633616599,37.5391217174545,1.0
건대역서울정형외과의원,광진구,능동,127.070921773952,37.5383625791299,1.0
건대와이(Y)산부인과의원,광진구,능동,127.07085938264,37.5410629132034,1.0
건대청솔한의원,광진구,능동,127.0660822332,37.5378549699,1.0
경희아이큐한의원,양천구,목동,126.864447323512,37.5273834294204,1.0
경희아침맑음한의원,광진구,능동,127.06778408234204,37.53244644929839,1.0
스타시티정형외과의원,광진구,능동,127.07141185507,37.540657941434,1.0
연세J라인치과의원,광진구,능동,127.071313588,37.5420289618,1.0
경희천한의원,양천구,목동,126.873533422962,37.5463475734256,1.0
고려대학교의과대학부속구로병원,구로구,구로동,126.8847449363546,37.49211114525054,1.0
고려탑마취통증의학과의원,양천구,목동동,126.882213637856,37.5367262201569,1.0
고운한의원,광진구,능동,127.08445683899,37.5650580830652,1.0
곽승민의원,구로구,구로동,126.88370977403,37.4906411011165,1.0
제니여성의원,광진구,능동,127.071217261809,37.5417563775149,1.0
구로88한의원,구로구,구로동,126.886558766573,37.4846965004551,1.0
구로나르샤정형외과의원,구로구,구로동,126.885855021118,37.4858241548644,1.0
구로에이스정형외과의원,구로구,구로동,126.884261981664,37.4887698909785,1.0
구로좋은치과의원,구로구,구로동,126.884261981664,37.4887698909785,1.0
광덕안정한의원,광진구,능동,127.07050713429,37.5403340350698,1.0
군자성모정형외과의원,광진구,능동,127.07844286512,37.5561330850616,1.0
군자탑정형외과의원,광진구,능동,127.079479358802,37.5577717562884,1.0
그대의봄여성의원,광진구,능동,127.078979184085,37.5555832993412,1.0
그랑메디의원,중구,명동,126.983858910559,37.5647312946952,1.0
김건웅한의원,강남구,학동,127.04663152406846,37.51842423870796,1.0
규림한의원,양천구,목동,126.86393233125575,37.52646048214225,1.0
210정형외과의원,양천구,목동동,126.870471203827,37.5189418545223,1.0
꼼꼼한치과의원,강남구,영동,127.065024041528,37.5080859854308,1.0
나슬한의원,광진구,능동,127.0695051309,37.5441744186,1.0
다민한의원,양천구,목동동,126.8759213585,37.5226246064,1.0
닥터디자이너의원명동점,중구,명동,126.983726048206,37.5656815570877,1.0
닥터에버스의원목동,양천구,목동,126.86380676331,37.5267062206829,1.0
닥터윤뷰티플의원,강남구,학동,127.027198203947,37.5100786367461,1.0
닥터주비뇨의학과의원,강남구,학동,127.040134161132,37.5173459617876,1.0
닥터허치과의원,강남구,영동,127.056368965172,37.520169200264,1.0
단아의원,중구,명동,126.983858910559,37.5647312946952,1.0
당신만의가치벨유의원,중구,명동,126.984172346048,37.5635687815987,1.0
더마주피부과의원,강남구,영동,127.059486615422,37.5145473024381,1.0
더멘토성형외과의원,강남구,학동,127.039928031242,37.5170718563031,1.0
더바르게치과의원,양천구,목동,126.863821477728,37.5279467362177,1.0
24시열린의원,광진구,능동,127.070921773952,37.5383625791299,1.0
24시열린의원,양천구,목동동,126.871566699077,37.5274862615567,1.0
더제이의원,강남구,학동,127.039928031242,37.5170718563031,1.0
더프리티영의원,중구,명동,126.983641320819,37.563895230299,1.0
루덴치과의원,중구,명동,126.98591834303,37.5641952853184,1.0
루비의원,중구,명동,126.98591834303,37.5641952853184,1.0
루시아치과의원,강남구,학동,127.040841265738,37.5167560126387,1.0
루트여성의원,광진구,능동,127.07715348851,37.5535168972189,1.0
류한욱정신과의원,강남구,학동,127.040841265738,37.5167560126387,1.0
리더스피부과의원,양천구,목동동,126.874619136454,37.5273217750941,1.0
리버스의원,중구,명동,126.983764788709,37.5634574532023,1.0
리봄한방병원,강남구,학동,127.040070113365,37.5162428849479,1.0
리엔장의원,중구,명동,126.98288772495,37.5634116488196,1.0
리엘르의원,중구,명동,126.98288772495,37.5634116488196,1.0
리움한방병원,강동구,강동,127.132974735453,37.5223962523793,1.0
리엔장의원,중구,명동,126.98288772495,37.5634116488196,1.0
맑고고운의원,양천구,목동,126.882112068994,37.5376381109502,1.0
맑은숲한의원,양천구,목동동,126.883951652082,37.5370222074755,1.0
맑은하늘정신건강의학과의원,양천구,목동,126.880503914142,37.5370742706805,1.0
메디코스의원,중구,명동,126.98330184788,37.5645265108777,1.0
메이비의원,양천구,목동동,126.871566699077,37.5274862615567,1.0
메이퓨어의원,양천구,목동동,126.875771989415,37.5281783139269,1.0
명동예쁨주의쁨의원,중구,명동,126.986952606355,37.5618041594791,1.0
명동리베리의원,중구,명동,126.98573802444,37.5612913518836,1.0
명동리아한의원,중구,명동,126.98650004361043,37.56201660908756,1.0
명동시원한의원,중구,명동,126.986903352805,37.5619124538241,1.0
명동연세이비인후과의원,중구,명동,126.983932276292,37.5651637828705,1.0
명동자연과한의원,중구,명동,126.985394525951,37.5641417024991,1.0
명동플랜에스의원,중구,명동,126.984558317468,37.5613346315283,1.0
명한의원,강남구,영동,127.056460869043,37.5221876728793,1.0
목동대통한의원,양천구,목동,126.869293651232,37.534953063951,1.0
목동오케이정형외과의원,양천구,목동,126.863931880867,37.5264593103148,1.0
목동웰치과교정과치과의원,양천구,목동,126.863725751825,37.5283289205932,1.0
목동탑치과의원,양천구,목동동,126.862808387683,37.5157733856226,1.0
목동튼튼마취통증의학과의원,양천구,목동,126.86380676331,37.5267062206829,1.0
목동플랜트치과의원,양천구,목동동,126.862808387683,37.5157733856226,1.0
명동예쁨주의상상의원,중구,명동,126.9856800876,37.561817527,1.0
미드나잇의원,강남구,학동,127.026542687028,37.5098683111947,1.0
미래솔한의원,광진구,능동,127.07085938264,37.5410629132034,1.0
미소가인피부과의원,강남구,영동,127.060483947525,37.5147215906749,1.0
미소치과의원,광진구,능동,127.0847631669,37.5662934892073,1.0
미소한의원,양천구,목동,126.865523065397,37.5482491091798,1.0
바디웰한의원,강남구,영동,127.063100618641,37.5071291703398,1.0
바른몸한의원,구로구,구로동,126.889563090944,37.4901264761131,1.0
바른지성한방병원,양천구,목동,126.864179564702,37.5253121699935,1.0
방화경희한의원,강서구,방화동,126.81298609963966,37.56956868536646,1.0
베르미의원,강남구,영동,127.056397556014,37.52238565340069,1.0
베르미한의원,강남구,영동,127.056397556014,37.5223856534007,1.0
본피부과의원,양천구,목동동,126.875771989415,37.5281783139269,1.0
봄날의미소치과의원,광진구,능동,127.070921773952,37.5383625791299,1.0
뷰티라운지의원,양천구,목동동,126.875771989415,37.5281783139269,1.0
블루미의원,중구,명동,126.983726048206,37.5656815570877,1.0
빛날정신건강의학과의원,강남구,학동,127.040841265738,37.5167560126387,1.0
사람사랑치과의원,양천구,목동,126.86380676331,37.5267062206829,1.0
삼성굿본재활의학과의원,강남구,영동,127.060483947525,37.5147215906749,1.0
삼성동경희한의원,강남구,학동,127.046743685239,37.5176166251155,1.0
삼성동경희한의원,강남구,학동,127.046743685239,37.5176166251155,1.0
삼성마음숲정신건강의학과의원,강남구,영동,127.063100618641,37.5071291703398,1.0
삼성수비뇨의학과의원,강남구,학동,127.03256824271,37.5148747650558,1.0
삼성숨정신건강의학과의원,강남구,영동,127.061683727526,37.5070283754714,1.0
삼성탑가정의학과의원,양천구,목동동,126.871486510512,37.5168554302245,1.0
새서울치과의원,광진구,능동,127.071032326249,37.5413520301866,1.0
새연세치과의원,광진구,능동,127.069789239165,37.5442666034627,1.0
서대문정신보건센터,서대문구,연희3동,126.93636331676149,37.57860660497981,1.0
서울41치과교정과치과의원,양천구,목동동,126.875771989415,37.5281783139269,1.0
서울경희365의원,양천구,목동동,126.875771989415,37.5281783139269,1.0
서울경희365한의원,양천구,목동동,126.875771989415,37.5281783139269,1.0
서울나란이치과교정과치과의원,광진구,능동,127.073985418983,37.5459839659666,1.0
서울든든한치과의원,광진구,능동,127.079479358802,37.5577717562884,1.0
서울목동마취통증의학과의원,양천구,목동,126.86447977676,37.549023765815,1.0
서울바른마음치과의원,강남구,영동,127.060943454087,37.5151959131335,1.0
서울봄정신건강의학과의원,양천구,목동,126.86417522020332,37.54972817645763,1.0
서울샤인치과의원,강남구,학동,127.048315042069,37.5187620689431,1.0
서울스타본정형외과의원,광진구,능동,127.07141185507,37.540657941434,1.0
서울웰이비인후과의원,강남구,영동,127.060483947525,37.5147215906749,1.0
서울이다치과의원,양천구,목동,126.86652703304,37.5480638317801,1.0
세련피부과의원,강남구,학동,127.04031060612778,37.51665881929667,1.0
서울척앤본신경외과의원,광진구,능동,127.080039873331,37.5576188388403,1.0
서울푸른숲내과의원,구로구,항동,126.824294637379,37.4808405838883,1.0
서울휴치과의원,양천구,목동,126.864731084897,37.5087557940897,1.0
선재한의원,중구,명동,126.9840948132,37.5651690307,1.0
성모센트럴정형외과의원,양천구,목동,126.865306840725,37.517406535882,1.0
시세도한의원,종로구,인사동,126.9848675198,37.5725825239,1.0
성정원통사의원,강남구,학동,127.039928031242,37.5170718563031,1.0
세가지소원의원명동점,중구,명동,126.986903352805,37.5619124538241,1.0
세라믹치과의원,강남구,학동,127.0316079041,37.5145657113,1.0
세이유외과의원,광진구,능동,127.079095356535,37.5558508177979,1.0
세화한의원,광진구,능동,127.07909947627914,37.55585813972036,1.0
셀린피부과의원,강남구,학동,127.03256824271,37.5148747650558,1.0
소민정신건강의학과의원,강남구,영동,127.060483947525,37.5147215906749,1.0
솔린의원,강남구,학동,127.040134161132,37.5173459617876,1.0
송신경정신과의원,종로구,인사동,126.98539321087272,37.572096723033496,1.0
에버글로리의원,강남구,학동,127.0426797879,37.5154812534,1.0
화이팅한의원,양천구,목동동,126.862500271377,37.515709326427,1.0
순백의원,강남구,학동,127.02348822078577,37.50745012062793,1.0
쉼플러스정신건강의학과의원,강남구,학동,127.03256722497542,37.51487539604599,1.0
스마일스튜디오치과의원,강남구,학동,127.022782428147,37.5117733692051,1.0
스마트백평치과의원,구로구,목동,126.860774574801,37.5067191621388,1.0
스킨메디피부과의원,강남구,학동,127.045191941905,37.5181537765035,1.0
슬림영의원,중구,명동,126.98442329313308,37.56132452263423,1.0
아름다운의원,광진구,능동,127.071424709163,37.5422712635479,1.0
씨앤피차앤박피부과의원,중구,명동,126.9848021059122,37.563036465557374,1.0
아름경희한의원,강남구,학동,127.023614595231,37.5111698932553,1.0
아비쥬의원,양천구,목동,126.864447323512,37.5273834294204,1.0
아우레아의원,중구,명동,126.983021980533,37.5638324335139,1.0
아이두정신건강의학과의원,광진구,능동,127.071136774445,37.5415995620032,1.0
아이리스산부인과의원,양천구,목동동,126.8628161389115,37.51574086842246,1.0
약속한의원,양천구,목동동,126.86231017380838,37.51531500624091,1.0
아이엘의원,강남구,학동,127.0318208939205,37.51403451234612,1.0
아이콘치과교정과의원,양천구,목동,126.879863427781,37.5366321308561,1.0
아이플란트치과의원,중구,명동,126.985600488199,37.5637469112035,1.0
아이피부과의원,양천구,목동동,126.86233334612724,37.51532359278055,1.0
애플산부인과의원,중구,명동,126.983726048206,37.5656815570877,1.0
앤의원,광진구,능동,127.07923079266,37.5560333591548,1.0
양천숲한의원,양천구,목동,126.867717063755,37.5364617449366,1.0
양천한의원,양천구,목동,126.87089305640478,37.54688135071572,1.0
에스(S)리더치과병원,광진구,능동,127.07050713429,37.5403340350698,1.0
에스지정신건강의학과의원,강남구,학동,127.026127827585,37.5092419351611,1.0
에스튼튼한의원,양천구,목동동,126.871598502958,37.5190289509587,1.0
유디목동치과의원,양천구,목동,126.8762290887,37.5335594809,1.0
엠제이(MJ)올피부과의원,중구,명동,126.98656288194871,37.562001434040376,1.0
엠플러스의원,강남구,학동,127.031463762217,37.5142064294604,1.0
여의도봄정신건강의학과의원,영등포구,여의동,126.925195988034,37.5181172905531,1.0
연세41피부과의원,양천구,목동동,126.875771989415,37.5281783139269,1.0
연세고운미소치과의원,광진구,능동,127.07086006197616,37.54106336330212,1.0
연세김앤김치과의원,양천구,목동동,126.870471203827,37.5189418545223,1.0
연세미래치과의원,양천구,목동동,126.875771989415,37.5281783139269,1.0
연세박윤혜내과의원,광진구,능동,127.079479358802,37.5577717562884,1.0
연세선우의원,강남구,학동,127.05104727420084,37.51873551141176,1.0
연세쌍둥이구강악안면외과치과의원,양천구,목동동,126.875771989415,37.5281783139269,1.0
연세아르미안의원,강남구,학동,127.048315042069,37.5187620689431,1.0
연세엘치과의원,강남구,학동,127.04597537027512,37.51830556351051,1.0
연세유앤아이치과의원,강서구,마곡동,126.836199032381,37.5596431100254,1.0
연세프라임치과의원,영등포구,선유동,126.898837229642,37.5348924176204,1.0
연아성형외과의원,양천구,목동동,126.875771989415,37.5281783139269,1.0
열두달한의원,양천구,목동동,126.879499031842,37.5359018594421,1.0
유미노외과의원,강남구,학동,127.05046896071842,37.51915787990854,1.0
오대경희한의원,강남구,학동,127.049081723208,37.5188857308711,1.0
오엘의원,강남구,학동,127.026808362497,37.5092161941385,1.0
오쥬드한의원,강남구,학동,127.040841265738,37.5167560126387,1.0
올스마일치과의원,양천구,목동동,126.871734111799,37.5245253018661,1.0
우미의원,중구,명동,126.983969236251,37.5643525309057,1.0
지성한의원,양천구,목동,126.86388152627973,37.52702625246132,1.0
365소리안한의원,강남구,학동,127.040183821914,37.5171405161205,1.0
위즈앤미의원,중구,명동,126.983858910559,37.5647312946952,1.0
유앤문정신건강의학과의원,강남구,영동,127.060932470239,37.5068329770093,1.0
유앤아이의원,양천구,목동,126.87344626233904,37.52895692259555,1.0
이오의원,강남구,학동,127.045484846766,37.5182278166391,1.0
유픽의원,중구,명동,126.98288772495,37.5634116488196,1.0
이튼타워치과의원,양천구,목동동,126.875771989415,37.5281783139269,1.0
이튼하이치과의원,양천구,목동동,126.861618186165,37.5150507442326,1.0
이편한치과의원,양천구,목동,126.877988123429,37.5359631978743,1.0
이혜자치과의원,양천구,목동,126.879183438673,37.5362743708291,1.0
중곡경희한의원,광진구,능동,127.08266495807496,37.5623913215557,1.0
임플란피아치과의원,강남구,영동,127.061137077786,37.5136400498332,1.0
자연과한의원,양천구,목동,126.86451543754812,37.52431316471783,1.0
자연과한의원 명동을지로점,중구,명동,126.985394525951,37.5641417024991,1.0
청담한의원,강남구,학동,127.049081723208,37.5188857308711,1.0
자윤한의원,양천구,목동동,126.8762250356,37.5223185843,1.0
건대닥터쁘띠의원,광진구,능동,127.07141185507,37.540657941434,1.0
정소아청소년과의원,양천구,목동,126.87144414155222,37.54688465496509,1.0
제니스정형외과의원,영등포구,선유동,126.89895824368618,37.53492811074544,1.0
제이본정형외과의원,양천구,목동,126.870684126526,37.5465746024369,1.0
제통한의원,구로구,구로동,126.89064818016426,37.48979933861237,1.0
하늘마음한의원,양천구,목동,126.86380518096868,37.52670540796365,1.0
좋은미소치과의원,광진구,능동,127.07875618753629,37.55650868246149,1.0
좋은치과의원,강서구,방화동,126.81088217630378,37.56365843425332,1.0
중곡경희한의원,광진구,능동,127.082664280067,37.5623923131202,1.0
중곡연세튼튼의원,광진구,능동,127.084171835057,37.5661674124781,1.0
청담맹유숙한의원,강남구,학동,127.04937835602767,37.51894210013639,1.0
청담모네의원,강남구,영동,127.057667788625,37.5199951301875,1.0
청담부부치과의원,강남구,학동,127.05717741818478,37.52177694003296,1.0
청담아이소아치과의원,강남구,학동,127.04517442224424,37.51817612809359,1.0
청담안즈피부과의원,강남구,학동,127.040134161132,37.5173459617876,1.0
청담연세피부과의원,강남구,학동,127.040841265738,37.5167560126387,1.0
청담정형외과의원,강남구,학동,127.050467942591,37.5191577902364,1.0
청담지온유의원,강남구,학동,127.04016223452,37.5165402749359,1.0
청담포워드피부과의원,강남구,학동,127.045484846766,37.5182278166391,1.0
카린의원,중구,명동,126.985291873748,37.5629497616194,1.0
커브라인의원,중구,명동,126.98331082695,37.56486672832,1.0
크리스탈치과의원,광진구,능동,127.083812284326,37.5656080597832,1.0
클래식피부과의원,중구,명동,126.985753284029,37.5637739596312,1.0
클림의원명동점,중구,명동,126.98480756572256,37.56401855233708,1.0
태이재한의원,강남구,학동,127.02897846584,37.5138611699241,1.0
터한의원,강서구,마곡동,126.833037883356,37.5600682769751,1.0
트리옹프닥터의원,중구,명동,126.985233588299,37.5646464205897,1.0
포인트의원,구로구,구로동,126.884261981664,37.4887698909785,1.0
플로레의원,중구,명동,126.985872679878,37.5620569449565,1.0
필의원,구로구,구로동,126.88269870264,37.5000087655668,1.0
하이비뇨의학과의원,광진구,능동,127.069757721395,37.543959020957,1.0
한번에치과의원,중구,명동,126.984490802217,37.5648933785117,1.0
한울한의원,구로구,구로동,126.88989925118564,37.490056781614655,1.0
함춘내과의원,양천구,목동,126.88167161741,37.5374776528581,1.0
해움한의원,양천구,목동,126.864447323512,37.5273834294204,1.0
목동성모정형외과의원,양천구,목동동,126.875771989415,37.5281783139269,1.0
아현재한의원,양천구,목동,126.862427467528,37.5165496071336,1.0
홍익병원,양천구,목동,126.8636640030062,37.52844147447355,1.0
힐하우스피부과의원,광진구,능동,127.07107900152012,37.53807416457364,1.0
